{
  "project_info": {
    "project_number": "1049337957163",
    "project_id": "mbcuz-f17d7",
    "storage_bucket": "mbcuz-f17d7.firebasestorage.app"
  },
  "client": [
    {
      "client_info": {
        "mobilesdk_app_id": "1:1049337957163:android:5d0637ed3cd3b7631d136e",
        "android_client_info": {
          "package_name": "MB.Care"
        }
      },
      "oauth_client": [],
      "api_key": [
        {
          "current_key": "AIzaSyCnMR4bFNIIPyPC-2h-jFJxNVM05a9FBac"
        }
      ],
      "services": {
        "appinvite_service": {
          "other_platform_oauth_client": []
        }
      }
    }
  ],
  "configuration_version": "1"
}