"Timestamp","Yoshingiz:","Jinsingiz:","Oilaviy holatingiz?","Farzandlaringiz soni?","Yashash hududingiz:  ","  Shaxsiy yoki oilaviy tajribangizda, chaqaloq voyaga yetkazish bilan bog‘liq qanday qiyinchiliklarga duch keldingiz?  ","Hozirda onalar va chaqaloqlar salomatligini kuzatish yoki boshqarish uchun biror mobil ilova yoki boshqa vositalardan foydalanasizmi?","Ona va yangi tug‘ilgan chaqaloq salomatligini kuzatish, rivojlanishini baholash, ona reproduktiv salomatligini tiklash, emlash sanalarini eslatib turish kabi funksiyalarni o‘z ichiga olgan mobil ilova haqida qanday fikrdasiz?  ","Bunday ilovadan foydalanish sizningcha, nimalarga yordam berishi mumkin?","  Siz tavsiyalar qanday shaklda taqdim etilsa, qulayroq bo‘lardi? (Bir nechta variantlarni tanlashingiz mumkin)  ","  Hozirgi kunda chaqaloq o‘sishi va ona tiklanishi bo‘yicha tavsiyalar yetarli darajada mavjud deb hisoblaysizmi?  
(1 – mavjud, 5 – mavjud emas)  ","Mobil ilovadan qanday xabar yoki eslatma shakllarini olish siz uchun qulayroq bo‘ladi?  ","Ilova sizga haftada yoki oyda necha marta kerak bo‘ladi, deb o‘ylaysiz?","Ilova pulli (masalan, ba’zi premium funksiyalar uchun) bo‘lsa, uni sinab ko‘rishga tayyormisiz?  ","Umuman olganda, bunday mobil ilova borligi sizningcha qanchalik foydali bo‘ladi?  ","Qo‘shimcha fikrlar yoki takliflaringiz bo‘lsa, iltimos, yozib qoldiring.  "
"2025/03/03 3:35:25 PM GMT+5","25-34","Erkak","Turmush qurgan","2 nafar","Jizzax viloyati","Bola parvarishida duch kelganman","Ba’zida foydalanaman","5","Farzand rivojlanishini izchil kuzatish;Ona sog‘lig‘ini tiklash va nazorat qilish;Dori, vitamin yoki qo‘shimcha preparatlar bo‘yicha eslatma olish;Shifokor bilan masofadan turib bog‘lanish (chatbot yoki qo‘ng‘iroq orqali);Statistika va tahliliy ma’lumotlar olish","Onlayn maqolalar va blog postlar;Shifokorlar bilan onlayn konsultatsiya","1","SMS","Har kuni","Ha, to‘lashga tayyorman","Juda foydali",""
"2025/03/03 3:37:33 PM GMT+5","45+","Erkak","Turmush qurgan","3 va undan ko‘p","Jizzax viloyati","Kechqurun bola bilan yuradigan yo'laklar va bolalar maydonchasi yo'qligi. Bola uyda zerikadi jismonan va aqlan rivojlanish sekinlashadi.","Ba’zida foydalanaman","5","Dori, vitamin yoki qo‘shimcha preparatlar bo‘yicha eslatma olish;Emlash sanalarini o‘z vaqtida eslab turish;Shifokor bilan masofadan turib bog‘lanish (chatbot yoki qo‘ng‘iroq orqali)","Vebinarlar va seminarlar;Shifokorlar bilan onlayn konsultatsiya","1","SMS","Faqat zarurat bo‘lganda","Faqat bepul funksiyalarni ishlatgan bo‘lardim","Juda foydali","Bu ilova Respublikaga ulangan bo'lishi kerak."
"2025/03/03 3:48:41 PM GMT+5","35-44","Ayol","Turmush qurgan","3 va undan ko‘p","Jizzax viloyati","yassi oyoqlik","Ha, muntazam foydalanaman","5","Farzand rivojlanishini izchil kuzatish;Ona sog‘lig‘ini tiklash va nazorat qilish;Shifokor bilan masofadan turib bog‘lanish (chatbot yoki qo‘ng‘iroq orqali)","Video darslar va ta’lim videolari;Elektron kitoblar va PDF qo‘llanmalar","5","SMS","Haftada bir necha marta","Ha, to‘lashga tayyorman","Juda foydali",""
"2025/03/03 4:13:59 PM GMT+5","35-44","Ayol","Turmush qurgan","3 va undan ko‘p","Jizzax viloyati","Kichik oyligida ich qotishi sabablarini bilmaganman","Foydalanmayman, lekin qiziqishim bor","5","Farzand rivojlanishini izchil kuzatish;Emlash sanalarini o‘z vaqtida eslab turish","Video darslar va ta’lim videolari;Shifokorlar bilan onlayn konsultatsiya","3","SMS","Oyda bir necha marta","Ha, to‘lashga tayyorman","Juda foydali","Foydali loyiha hali bunaqa ilovadan foydalanib ko’rmaganman"
"2025/03/03 4:15:57 PM GMT+5","45+","Ayol","Turmush qurgan","3 va undan ko‘p","Jizzax viloyati","Кийинчиликлар булмаган ","Foydalanmayman, lekin qiziqishim bor","5","Ona sog‘lig‘ini tiklash va nazorat qilish;Dori, vitamin yoki qo‘shimcha preparatlar bo‘yicha eslatma olish;Emlash sanalarini o‘z vaqtida eslab turish;Shifokor bilan masofadan turib bog‘lanish (chatbot yoki qo‘ng‘iroq orqali)","Shifokorlar bilan onlayn konsultatsiya","3","Telegram/Boshqa messenjer orqali xabar","Haftada bir necha marta","Faqat bepul funksiyalarni ishlatgan bo‘lardim","Juda foydali",""
"2025/03/03 4:34:53 PM GMT+5","35-44","Ayol","Turmush qurgan","3 va undan ko‘p","Jizzax viloyati","Дуч келмаганман","Foydalanmayman, lekin qiziqishim bor","5","Ona sog‘lig‘ini tiklash va nazorat qilish;Dori, vitamin yoki qo‘shimcha preparatlar bo‘yicha eslatma olish;Shifokor bilan masofadan turib bog‘lanish (chatbot yoki qo‘ng‘iroq orqali);Statistika va tahliliy ma’lumotlar olish","Video darslar va ta’lim videolari;Elektron kitoblar va PDF qo‘llanmalar;Vebinarlar va seminarlar;Shifokorlar bilan onlayn konsultatsiya","5","SMS","Har kuni","Faqat bepul funksiyalarni ishlatgan bo‘lardim","Juda foydali",""
"2025/03/03 5:26:59 PM GMT+5","25-34","Ayol","Turmush qurgan","3 va undan ko‘p","Jizzax viloyati","Mablag","Ba’zida foydalanaman","5","Farzand rivojlanishini izchil kuzatish;Ona sog‘lig‘ini tiklash va nazorat qilish","Onlayn maqolalar va blog postlar","3","SMS","Haftada bir necha marta","Ha, to‘lashga tayyorman","Juda foydali","Taklif yug"
"2025/03/03 5:27:17 PM GMT+5","35-44","Ayol","Turmush qurgan","3 va undan ko‘p","Jizzax viloyati","хеч қандай ","Ba’zida foydalanaman","5","Shifokor bilan masofadan turib bog‘lanish (chatbot yoki qo‘ng‘iroq orqali)","Shifokorlar bilan onlayn konsultatsiya","5","SMS","Har kuni","Ha, to‘lashga tayyorman","Juda foydali",""
"2025/03/03 6:55:37 PM GMT+5","35-44","Ayol","Turmush qurgan","3 va undan ko‘p","Jizzax viloyati","Faqat  o'zim qaraganman","Ba’zida foydalanaman","4","Dori, vitamin yoki qo‘shimcha preparatlar bo‘yicha eslatma olish;Emlash sanalarini o‘z vaqtida eslab turish;Belgilangan  vaqtda  hamshiraga murojaat qilganman","Elektron kitoblar va PDF qo‘llanmalar;Men 3 ta farzandlarimni tarbiyalashda Salomatlik ensikpopediyasida muntazam foydalanganman","3","SMS","Har kuni","Umuman foydalanmasdim","Juda foydali",""
"2025/03/03 7:03:43 PM GMT+5","25-34","Erkak","Turmush qurgan","1 nafar","Jizzax viloyati","Tibbiy muammolar tez-tez uchrab turishi va yagona tizimning mavjud emasligi","Foydalanmayman, lekin qiziqishim bor","5","Dori, vitamin yoki qo‘shimcha preparatlar bo‘yicha eslatma olish;Emlash sanalarini o‘z vaqtida eslab turish;Shifokor bilan masofadan turib bog‘lanish (chatbot yoki qo‘ng‘iroq orqali);Statistika va tahliliy ma’lumotlar olish","Elektron kitoblar va PDF qo‘llanmalar;Shifokorlar bilan onlayn konsultatsiya","1","Push-bildirishnomalar (ilova ichidagi bildirishnomalar)","Oyda bir necha marta","Ha, to‘lashga tayyorman","Juda foydali","Emlash sanalari Respublika bazasida yigʻilib faqat ochilgan manzil kiritib qoʻyilsa, oʻaha hududdagi poliklinika bilan biriktiriladi maqsadga muvofiq boʻlar edi"
"2025/03/03 8:08:14 PM GMT+5","25-34","Ayol","Turmush qurgan","Hozircha yo‘q","Jizzax viloyati","Chaqaloqlar holatini to'liq anglay olmaslik","Foydalanmayman, lekin qiziqishim bor","3","Farzand rivojlanishini izchil kuzatish;Ona sog‘lig‘ini tiklash va nazorat qilish;Dori, vitamin yoki qo‘shimcha preparatlar bo‘yicha eslatma olish;Emlash sanalarini o‘z vaqtida eslab turish;Shifokor bilan masofadan turib bog‘lanish (chatbot yoki qo‘ng‘iroq orqali);Statistika va tahliliy ma’lumotlar olish","Onlayn maqolalar va blog postlar;Video darslar va ta’lim videolari","2","Push-bildirishnomalar (ilova ichidagi bildirishnomalar)","Har kuni","Ha, to‘lashga tayyorman","O‘rtacha foydali",""
"2025/03/03 9:05:37 PM GMT+5","35-44","Ayol","Turmush qurgan","2 nafar","Jizzax viloyati","Farzandlarim ona sutida emas sun'iy ovqat bilan katta bòlishgan ","Umuman foydalanmayman va qiziqmayman","5","Ona sog‘lig‘ini tiklash va nazorat qilish;Dori, vitamin yoki qo‘shimcha preparatlar bo‘yicha eslatma olish;Emlash sanalarini o‘z vaqtida eslab turish","Shifokorlar bilan onlayn konsultatsiya","5","Telegram/Boshqa messenjer orqali xabar","Faqat zarurat bo‘lganda","Faqat bepul funksiyalarni ishlatgan bo‘lardim","O‘rtacha foydali","Menimcha Mobil ilova foydali"
"2025/03/03 9:43:30 PM GMT+5","35-44","Ayol","Turmush qurgan","3 va undan ko‘p","Samarqand viloyati","Chaqaloqning ichi koʻp dam boʻlardi.","Ha, muntazam foydalanaman","5","Farzand rivojlanishini izchil kuzatish;Dori, vitamin yoki qo‘shimcha preparatlar bo‘yicha eslatma olish;Emlash sanalarini o‘z vaqtida eslab turish;Statistika va tahliliy ma’lumotlar olish","Onlayn maqolalar va blog postlar;Video darslar va ta’lim videolari","5","Telegram/Boshqa messenjer orqali xabar","Har kuni","Faqat bepul funksiyalarni ishlatgan bo‘lardim","Juda foydali",""
"2025/03/03 10:11:28 PM GMT+5","45+","Ayol","Turmush qurgan","3 va undan ko‘p","Jizzax viloyati"," Nimalarga emlash kerakligini bilmayman","Foydalanmayman, lekin qiziqishim bor","5","Farzand rivojlanishini izchil kuzatish;Ona sog‘lig‘ini tiklash va nazorat qilish;Dori, vitamin yoki qo‘shimcha preparatlar bo‘yicha eslatma olish;Emlash sanalarini o‘z vaqtida eslab turish;Shifokor bilan masofadan turib bog‘lanish (chatbot yoki qo‘ng‘iroq orqali);Statistika va tahliliy ma’lumotlar olish","Onlayn maqolalar va blog postlar;Video darslar va ta’lim videolari;Elektron kitoblar va PDF qo‘llanmalar;Vebinarlar va seminarlar;Shifokorlar bilan onlayn konsultatsiya","5","Telegram/Boshqa messenjer orqali xabar","Oyda bir necha marta","Ha, to‘lashga tayyorman","Juda foydali",""
"2025/03/03 10:32:31 PM GMT+5","45+","Erkak","Turmush qurgan","3 va undan ko‘p","Jizzax viloyati","Кийинчилик булгани йук","Ba’zida foydalanaman","1","Ona sog‘lig‘ini tiklash va nazorat qilish;Dori, vitamin yoki qo‘shimcha preparatlar bo‘yicha eslatma olish;Shifokor bilan masofadan turib bog‘lanish (chatbot yoki qo‘ng‘iroq orqali)","Video darslar va ta’lim videolari;Shifokorlar bilan onlayn konsultatsiya","4","SMS","Faqat zarurat bo‘lganda","Faqat bepul funksiyalarni ishlatgan bo‘lardim","O‘rtacha foydali",""
"2025/03/03 10:39:31 PM GMT+5","25-34","Ayol","Turmush qurgan","3 va undan ko‘p","Jizzax viloyati","Chaqaloqni sariqligi  yig'loqilegidan","Ha, muntazam foydalanaman","4","Farzand rivojlanishini izchil kuzatish;Ona sog‘lig‘ini tiklash va nazorat qilish;Dori, vitamin yoki qo‘shimcha preparatlar bo‘yicha eslatma olish;Emlash sanalarini o‘z vaqtida eslab turish;Shifokor bilan masofadan turib bog‘lanish (chatbot yoki qo‘ng‘iroq orqali);Statistika va tahliliy ma’lumotlar olish;","Video darslar va ta’lim videolari","5","SMS","Har kuni","Faqat bepul funksiyalarni ishlatgan bo‘lardim","Juda foydali","Yanada muoffaqqiyat tiliman"
"2025/03/03 11:54:38 PM GMT+5","25-34","Ayol","Turmush qurgan","2 nafar","Jizzax viloyati","Bolalarda kalsiy va vitamin D yetishmovchiligi uchrashi","Ba’zida foydalanaman","5","Farzand rivojlanishini izchil kuzatish;Ona sog‘lig‘ini tiklash va nazorat qilish;Dori, vitamin yoki qo‘shimcha preparatlar bo‘yicha eslatma olish;Emlash sanalarini o‘z vaqtida eslab turish;Shifokor bilan masofadan turib bog‘lanish (chatbot yoki qo‘ng‘iroq orqali);Statistika va tahliliy ma’lumotlar olish","Onlayn maqolalar va blog postlar;Video darslar va ta’lim videolari;Elektron kitoblar va PDF qo‘llanmalar;Vebinarlar va seminarlar;Shifokorlar bilan onlayn konsultatsiya","5","Push-bildirishnomalar (ilova ichidagi bildirishnomalar)","Haftada bir necha marta","Faqat bepul funksiyalarni ishlatgan bo‘lardim","O‘rtacha foydali",""
"2025/03/04 5:53:00 AM GMT+5","25-34","Erkak","Turmush qurgan","2 nafar","Jizzax viloyati","Hozirch yaxshi","Ba’zida foydalanaman","5","Farzand rivojlanishini izchil kuzatish;Ona sog‘lig‘ini tiklash va nazorat qilish;Emlash sanalarini o‘z vaqtida eslab turish;Shifokor bilan masofadan turib bog‘lanish (chatbot yoki qo‘ng‘iroq orqali)","Video darslar va ta’lim videolari;Elektron kitoblar va PDF qo‘llanmalar;Shifokorlar bilan onlayn konsultatsiya","4","Telegram/Boshqa messenjer orqali xabar","Faqat zarurat bo‘lganda","Ha, to‘lashga tayyorman","Juda foydali","Ilovani qachondan ishga tushadi"
"2025/03/04 5:57:16 AM GMT+5","45+","Ayol","Turmush qurgan","3 va undan ko‘p","Jizzax viloyati","Emlash vaqtida","Foydalanmayman, lekin qiziqishim bor","5","Farzand rivojlanishini izchil kuzatish;Ona sog‘lig‘ini tiklash va nazorat qilish;Dori, vitamin yoki qo‘shimcha preparatlar bo‘yicha eslatma olish;Emlash sanalarini o‘z vaqtida eslab turish;Shifokor bilan masofadan turib bog‘lanish (chatbot yoki qo‘ng‘iroq orqali);Statistika va tahliliy ma’lumotlar olish","Onlayn maqolalar va blog postlar;Video darslar va ta’lim videolari;Elektron kitoblar va PDF qo‘llanmalar;Vebinarlar va seminarlar;Shifokorlar bilan onlayn konsultatsiya","3","Telegram/Boshqa messenjer orqali xabar","Haftada bir necha marta","Faqat bepul funksiyalarni ishlatgan bo‘lardim","Juda foydali",""
"2025/03/04 6:30:40 AM GMT+5","25-34","Erkak","Turmush qurmagan","Hozircha yo‘q","Jizzax viloyati","Chaqaloqni holatiga qarab Uni nima istayotganini. Bilish haqida qiyinchilik.","Ba’zida foydalanaman","5","Farzand rivojlanishini izchil kuzatish;Emlash sanalarini o‘z vaqtida eslab turish;Statistika va tahliliy ma’lumotlar olish","Onlayn maqolalar va blog postlar;Shifokorlar bilan onlayn konsultatsiya","3","Push-bildirishnomalar (ilova ichidagi bildirishnomalar)","Faqat zarurat bo‘lganda","Ha, to‘lashga tayyorman","O‘rtacha foydali",""
"2025/03/04 6:37:40 AM GMT+5","18-24","Ayol","Turmush qurgan","Hozircha yo‘q","Jizzax viloyati","Chaqaloq voyaga yetkazmaganman bunda hali tajribaga ega emasman","Foydalanmayman, lekin qiziqishim bor","4","Farzand rivojlanishini izchil kuzatish;Ona sog‘lig‘ini tiklash va nazorat qilish;Dori, vitamin yoki qo‘shimcha preparatlar bo‘yicha eslatma olish;Shifokor bilan masofadan turib bog‘lanish (chatbot yoki qo‘ng‘iroq orqali)","Video darslar va ta’lim videolari;Shifokorlar bilan onlayn konsultatsiya","5","Push-bildirishnomalar (ilova ichidagi bildirishnomalar)","Faqat zarurat bo‘lganda","Faqat bepul funksiyalarni ishlatgan bo‘lardim","Juda foydali",""
"2025/03/04 6:46:08 AM GMT+5","25-34","Ayol","Turmush qurgan","2 nafar","Jizzax viloyati","Yoq duch kelmganman","Foydalanmayman, lekin qiziqishim bor","5","Farzand rivojlanishini izchil kuzatish;Dori, vitamin yoki qo‘shimcha preparatlar bo‘yicha eslatma olish","Elektron kitoblar va PDF qo‘llanmalar;Vebinarlar va seminarlar","4","Telegram/Boshqa messenjer orqali xabar","Oyda bir necha marta","Faqat bepul funksiyalarni ishlatgan bo‘lardim","Juda foydali",""
"2025/03/04 7:10:49 AM GMT+5","25-34","Erkak","Turmush qurmagan","Hozircha yo‘q","Jizzax viloyati","yoq","Foydalanmayman, lekin qiziqishim bor","5","Dori, vitamin yoki qo‘shimcha preparatlar bo‘yicha eslatma olish","Shifokorlar bilan onlayn konsultatsiya","3","Push-bildirishnomalar (ilova ichidagi bildirishnomalar)","Faqat zarurat bo‘lganda","Faqat bepul funksiyalarni ishlatgan bo‘lardim","O‘rtacha foydali",""
"2025/03/04 11:30:02 AM GMT+5","25-34","Erkak","Turmush qurgan","2 nafar","Surxondaryo viloyati","Дуч келмадим ","Foydalanmayman, lekin qiziqishim bor","5","Shifokor bilan masofadan turib bog‘lanish (chatbot yoki qo‘ng‘iroq orqali)","Onlayn maqolalar va blog postlar;Shifokorlar bilan onlayn konsultatsiya","2","SMS","Haftada bir necha marta","Faqat bepul funksiyalarni ishlatgan bo‘lardim","Juda foydali","Ишлаб чикилса анча йениллик булади "
"2025/03/04 3:41:50 PM GMT+5","25-34","Ayol","Turmush qurgan","1 nafar","Jizzax viloyati","Hech qanday","Foydalanmayman, lekin qiziqishim bor","5","Farzand rivojlanishini izchil kuzatish;Emlash sanalarini o‘z vaqtida eslab turish;Shifokor bilan masofadan turib bog‘lanish (chatbot yoki qo‘ng‘iroq orqali)","Onlayn maqolalar va blog postlar;Video darslar va ta’lim videolari","4","Push-bildirishnomalar (ilova ichidagi bildirishnomalar)","Oyda bir necha marta","Faqat bepul funksiyalarni ishlatgan bo‘lardim","O‘rtacha foydali","Bola va onalarga yordamchi bo‘lsin "
"2025/03/04 6:53:55 PM GMT+5","35-44","Ayol","Turmush qurgan","3 va undan ko‘p","Jizzax viloyati","3 ешгача, Тез Тез кесал булиши яъни корни дам булиши, ветрянка чикканда, иситма , шунга ухшаш вазиятларда озгина кийинчилик булган","Ba’zida foydalanaman","5","Farzand rivojlanishini izchil kuzatish;Ona sog‘lig‘ini tiklash va nazorat qilish;Dori, vitamin yoki qo‘shimcha preparatlar bo‘yicha eslatma olish;Emlash sanalarini o‘z vaqtida eslab turish;Shifokor bilan masofadan turib bog‘lanish (chatbot yoki qo‘ng‘iroq orqali);Statistika va tahliliy ma’lumotlar olish","Onlayn maqolalar va blog postlar;Video darslar va ta’lim videolari;Elektron kitoblar va PDF qo‘llanmalar;Vebinarlar va seminarlar;Shifokorlar bilan onlayn konsultatsiya","4","Telegram/Boshqa messenjer orqali xabar","Oyda bir necha marta","Faqat bepul funksiyalarni ishlatgan bo‘lardim","Juda foydali",""
"2025/03/04 7:08:59 PM GMT+5","35-44","Ayol","Turmush qurgan","3 va undan ko‘p","Jizzax viloyati","Esimda yoʻq","Ba’zida foydalanaman","5","Farzand rivojlanishini izchil kuzatish;Ona sog‘lig‘ini tiklash va nazorat qilish;Dori, vitamin yoki qo‘shimcha preparatlar bo‘yicha eslatma olish;Emlash sanalarini o‘z vaqtida eslab turish;Shifokor bilan masofadan turib bog‘lanish (chatbot yoki qo‘ng‘iroq orqali)","Video darslar va ta’lim videolari;Elektron kitoblar va PDF qo‘llanmalar;Shifokorlar bilan onlayn konsultatsiya","4","Push-bildirishnomalar (ilova ichidagi bildirishnomalar)","Faqat zarurat bo‘lganda","Faqat bepul funksiyalarni ishlatgan bo‘lardim","Juda foydali",""
"2025/03/07 9:51:37 PM GMT+5","25-34","Ayol","Turmush qurgan","Hozircha yo‘q","Jizzax viloyati","Hech qanday","Foydalanmayman, lekin qiziqishim bor","5","Farzand rivojlanishini izchil kuzatish;Ona sog‘lig‘ini tiklash va nazorat qilish;Dori, vitamin yoki qo‘shimcha preparatlar bo‘yicha eslatma olish;Emlash sanalarini o‘z vaqtida eslab turish","Shifokorlar bilan onlayn konsultatsiya","1","SMS","Haftada bir necha marta","Faqat bepul funksiyalarni ishlatgan bo‘lardim","Juda foydali",""
"2025/03/14 9:42:43 PM GMT+5","25-34","Ayol","Turmush qurgan","2 nafar","Jizzax viloyati","Kop kasal boladi","Ba’zida foydalanaman","5","Farzand rivojlanishini izchil kuzatish;Dori, vitamin yoki qo‘shimcha preparatlar bo‘yicha eslatma olish;Emlash sanalarini o‘z vaqtida eslab turish;Shifokor bilan masofadan turib bog‘lanish (chatbot yoki qo‘ng‘iroq orqali)","Onlayn maqolalar va blog postlar;Video darslar va ta’lim videolari;Shifokorlar bilan onlayn konsultatsiya","3","Telegram/Boshqa messenjer orqali xabar","Haftada bir necha marta","Faqat bepul funksiyalarni ishlatgan bo‘lardim","Juda foydali","Tekin bolsa yaxshi bolardi hamma ishlatolardi"
"2025/03/14 9:48:06 PM GMT+5","25-34","Ayol","Turmush qurgan","3 va undan ko‘p","Jizzax viloyati","Qorinchasi tez tez dam boʻlib turdi shu  qiyinchilik tugʻdiradi
","Ba’zida foydalanaman","5","Farzand rivojlanishini izchil kuzatish;Ona sog‘lig‘ini tiklash va nazorat qilish","Video darslar va ta’lim videolari;Shifokorlar bilan onlayn konsultatsiya","1","Telegram/Boshqa messenjer orqali xabar","Haftada bir necha marta","Faqat bepul funksiyalarni ishlatgan bo‘lardim","Juda foydali","Bolajonlar haqida ham maʼlumotlar berilsin
"
"2025/03/14 9:58:30 PM GMT+5","25-34","Ayol","Turmush qurgan","3 va undan ko‘p","Jizzax viloyati","Qorinchasi tez tez dam boʻlishi bezota boʻilshi 
","Ha, muntazam foydalanaman","5","Farzand rivojlanishini izchil kuzatish;Ona sog‘lig‘ini tiklash va nazorat qilish","Video darslar va ta’lim videolari;Shifokorlar bilan onlayn konsultatsiya","1","Telegram/Boshqa messenjer orqali xabar","Haftada bir necha marta","Faqat bepul funksiyalarni ishlatgan bo‘lardim","Juda foydali",""
"2025/03/14 10:06:53 PM GMT+5","45+","Ayol","Turmush qurgan","1 nafar","Jizzax viloyati","Дуч келмаганман","Ba’zida foydalanaman","5","Farzand rivojlanishini izchil kuzatish","Video darslar va ta’lim videolari","4","Telegram/Boshqa messenjer orqali xabar","Faqat zarurat bo‘lganda","Umuman foydalanmasdim","O‘rtacha foydali",""
"2025/03/14 10:12:15 PM GMT+5","25-34","Ayol","Turmush qurgan","2 nafar","Jizzax viloyati","Taminot bõyicha","Ha, muntazam foydalanaman","5","Farzand rivojlanishini izchil kuzatish;Dori, vitamin yoki qo‘shimcha preparatlar bo‘yicha eslatma olish;Emlash sanalarini o‘z vaqtida eslab turish","Shifokorlar bilan onlayn konsultatsiya","3","SMS","Oyda bir necha marta","Faqat bepul funksiyalarni ishlatgan bo‘lardim","O‘rtacha foydali","Hozircha fikrlar yuq"
"2025/03/14 10:51:39 PM GMT+5","25-34","Ayol","Turmush qurgan","3 va undan ko‘p","Jizzax viloyati","Tishlari  chiqish  jarayoni","Ba’zida foydalanaman","5","Farzand rivojlanishini izchil kuzatish","Vebinarlar va seminarlar","5","Telegram/Boshqa messenjer orqali xabar","Har kuni","Faqat bepul funksiyalarni ishlatgan bo‘lardim","Juda foydali","Tibiiy  tekshiruvlarga   ko'proq  chaqirishini  bola kuzatilishini   xoxlayman  har  3 oyda   umumiy  majburiy  chaqiruv   bo'lsa."
"2025/03/14 11:01:08 PM GMT+5","25-34","Ayol","Turmush qurgan","3 va undan ko‘p","Jizzax viloyati","Tibiiy  tekshiruvlar  har  3  oyda majburiy  bo'lip  doxtir nazoratida bo'lip turishini  xoxlardim","Ba’zida foydalanaman","5","Farzand rivojlanishini izchil kuzatish","Vebinarlar va seminarlar","5","Telegram/Boshqa messenjer orqali xabar","Haftada bir necha marta","Faqat bepul funksiyalarni ishlatgan bo‘lardim","Juda foydali","Majburiy  tibiiy   tekshiruvga chiqarilsa"
"2025/03/14 11:07:31 PM GMT+5","25-34","Erkak","Turmush qurgan","3 va undan ko‘p","Jizzax viloyati","Tishi chiqishi  jarayonida","Ha, muntazam foydalanaman","5","Farzand rivojlanishini izchil kuzatish","Vebinarlar va seminarlar","5","Telegram/Boshqa messenjer orqali xabar","Har kuni","Faqat bepul funksiyalarni ishlatgan bo‘lardim","Juda foydali","Tabiiy  tekshiruvlar ko'p  boʻlsa   bepul"
"2025/03/15 8:36:33 AM GMT+5","25-34","Ayol","Turmush qurgan","2 nafar","Jizzax viloyati","Yuq","Ha, muntazam foydalanaman","3","Farzand rivojlanishini izchil kuzatish","Onlayn maqolalar va blog postlar","4","SMS","Har kuni","Ha, to‘lashga tayyorman","Juda foydali",""
"2025/03/15 8:36:53 AM GMT+5","25-34","Ayol","Turmush qurgan","3 va undan ko‘p","Jizzax viloyati","Qiyinchilik tugʻdirmaydi ","Ha, muntazam foydalanaman","5","Farzand rivojlanishini izchil kuzatish","Shifokorlar bilan onlayn konsultatsiya","5","SMS","Har kuni","Faqat bepul funksiyalarni ishlatgan bo‘lardim","Juda foydali",""
"2025/03/15 8:38:43 AM GMT+5","25-34","Ayol","Turmush qurgan","3 va undan ko‘p","Jizzax viloyati","Bolaning tez tez shamollashidan.","Ba’zida foydalanaman","3","Farzand rivojlanishini izchil kuzatish;Ona sog‘lig‘ini tiklash va nazorat qilish;Dori, vitamin yoki qo‘shimcha preparatlar bo‘yicha eslatma olish;Emlash sanalarini o‘z vaqtida eslab turish;Shifokor bilan masofadan turib bog‘lanish (chatbot yoki qo‘ng‘iroq orqali)","Onlayn maqolalar va blog postlar","3","Telegram/Boshqa messenjer orqali xabar","Faqat zarurat bo‘lganda","Faqat bepul funksiyalarni ishlatgan bo‘lardim","O‘rtacha foydali",""
"2025/03/15 8:46:05 AM GMT+5","35-44","Ayol","Turmush qurgan","3 va undan ko‘p","Jizzax viloyati","Кийинчиликлр йук
","Foydalanmayman, lekin qiziqishim bor","5","Farzand rivojlanishini izchil kuzatish;Ona sog‘lig‘ini tiklash va nazorat qilish","Shifokorlar bilan onlayn konsultatsiya","5","Telegram/Boshqa messenjer orqali xabar","Haftada bir necha marta","Faqat bepul funksiyalarni ishlatgan bo‘lardim","Juda foydali",""
"2025/03/15 8:51:59 AM GMT+5","25-34","Ayol","Turmush qurgan","3 va undan ko‘p","Jizzax viloyati","Hech qanday","Ba’zida foydalanaman","5","Emlash sanalarini o‘z vaqtida eslab turish","Shifokorlar bilan onlayn konsultatsiya","4","SMS","Har kuni","Faqat bepul funksiyalarni ishlatgan bo‘lardim","Juda foydali",""
"2025/03/15 8:54:04 AM GMT+5","25-34","Erkak","Turmush qurgan","3 va undan ko‘p","Jizzax viloyati","Hech qanday ayolarimiz bor bòlishin hamm masukiyat shularda tinnaydi","Ha, muntazam foydalanaman","4","Ona sog‘lig‘ini tiklash va nazorat qilish","Video darslar va ta’lim videolari;Shifokorlar bilan onlayn konsultatsiya","4","SMS","Oyda bir necha marta","Ha, to‘lashga tayyorman","Juda foydali",""
"2025/03/15 9:09:59 AM GMT+5","18-24","Erkak","Turmush qurgan","Hozircha yo‘q","Jizzax viloyati","Yoq","Foydalanmayman, lekin qiziqishim bor","5","Farzand rivojlanishini izchil kuzatish;Ona sog‘lig‘ini tiklash va nazorat qilish;Dori, vitamin yoki qo‘shimcha preparatlar bo‘yicha eslatma olish;Emlash sanalarini o‘z vaqtida eslab turish;Shifokor bilan masofadan turib bog‘lanish (chatbot yoki qo‘ng‘iroq orqali);Statistika va tahliliy ma’lumotlar olish;","Onlayn maqolalar va blog postlar;Video darslar va ta’lim videolari;Elektron kitoblar va PDF qo‘llanmalar;Vebinarlar va seminarlar;Shifokorlar bilan onlayn konsultatsiya;","3","Telegram/Boshqa messenjer orqali xabar","Faqat zarurat bo‘lganda","Faqat bepul funksiyalarni ishlatgan bo‘lardim","Juda foydali","Hammasi yaxshi "
"2025/03/15 9:12:34 AM GMT+5","18-24","Ayol","Turmush qurgan","Hozircha yo‘q","Jizzax viloyati","Hozircha qiyinchiliklarga duch kelmadim","Foydalanmayman, lekin qiziqishim bor","5","Farzand rivojlanishini izchil kuzatish;Dori, vitamin yoki qo‘shimcha preparatlar bo‘yicha eslatma olish;Shifokor bilan masofadan turib bog‘lanish (chatbot yoki qo‘ng‘iroq orqali)","Video darslar va ta’lim videolari;Shifokorlar bilan onlayn konsultatsiya","3","SMS","Oyda bir necha marta","Faqat bepul funksiyalarni ishlatgan bo‘lardim","Juda foydali","Hammasi yaxshi"
"2025/03/15 9:14:02 AM GMT+5","18-24","Ayol","Turmush qurgan","Hozircha yo‘q","Jizzax viloyati","Hozirda homiladorman","Ha, muntazam foydalanaman","5","Farzand rivojlanishini izchil kuzatish;Ona sog‘lig‘ini tiklash va nazorat qilish;Statistika va tahliliy ma’lumotlar olish","Video darslar va ta’lim videolari;Elektron kitoblar va PDF qo‘llanmalar","5","SMS","Haftada bir necha marta","Faqat bepul funksiyalarni ishlatgan bo‘lardim","Juda foydali","Bunde ilovalar yosh onalar uchun juda foydali deb oʻylayman "
"2025/03/15 9:16:42 AM GMT+5","25-34","Ayol","Turmush qurgan","Hozircha yo‘q","Jizzax viloyati","Hozircha yuq","Ha, muntazam foydalanaman","5","Dori, vitamin yoki qo‘shimcha preparatlar bo‘yicha eslatma olish","Shifokorlar bilan onlayn konsultatsiya","5","Push-bildirishnomalar (ilova ichidagi bildirishnomalar)","Har kuni","Faqat bepul funksiyalarni ishlatgan bo‘lardim","O‘rtacha foydali",""
"2025/03/15 9:18:37 AM GMT+5","25-34","Ayol","Turmush qurgan","2 nafar","Jizzax viloyati","Qiynalmadim","Ba’zida foydalanaman","3","Ona sog‘lig‘ini tiklash va nazorat qilish;Emlash sanalarini o‘z vaqtida eslab turish","Video darslar va ta’lim videolari;Shifokorlar bilan onlayn konsultatsiya","2","Telegram/Boshqa messenjer orqali xabar","Har kuni","Umuman foydalanmasdim","O‘rtacha foydali",""
"2025/03/15 9:33:39 AM GMT+5","25-34","Ayol","Turmush qurgan","2 nafar","Jizzax viloyati","Hech qanday hammasi shaxsiy","","5","Dori, vitamin yoki qo‘shimcha preparatlar bo‘yicha eslatma olish","Shifokorlar bilan onlayn konsultatsiya","1","Telegram/Boshqa messenjer orqali xabar","Faqat zarurat bo‘lganda","Faqat bepul funksiyalarni ishlatgan bo‘lardim","Juda foydali","Shifokorlar hammani birdek ko'rishini istagan bo'lardim puliga kiyimiga baho bermasdan"
"2025/03/15 10:57:03 AM GMT+5","35-44","Ayol","Turmush qurgan","3 va undan ko‘p","Jizzax viloyati","Qiyinchilik bolmagan","Foydalanmayman, lekin qiziqishim bor","5","Farzand rivojlanishini izchil kuzatish;Ona sog‘lig‘ini tiklash va nazorat qilish;Dori, vitamin yoki qo‘shimcha preparatlar bo‘yicha eslatma olish;Emlash sanalarini o‘z vaqtida eslab turish;Shifokor bilan masofadan turib bog‘lanish (chatbot yoki qo‘ng‘iroq orqali)","Shifokorlar bilan onlayn konsultatsiya","5","Telegram/Boshqa messenjer orqali xabar","Haftada bir necha marta","Faqat bepul funksiyalarni ishlatgan bo‘lardim","O‘rtacha foydali","Yaxshi"
"2025/03/15 11:02:17 AM GMT+5","35-44","Ayol","Turmush qurgan","2 nafar","Jizzax viloyati","kelganim yuq","Umuman foydalanmayman va qiziqmayman","1","Statistika va tahliliy ma’lumotlar olish","Shifokorlar bilan onlayn konsultatsiya","5","SMS","Faqat zarurat bo‘lganda","Umuman foydalanmasdim","Unchalik foydali emas","aslo yuq
"
"2025/03/15 11:03:31 AM GMT+5","35-44","Ayol","Turmush qurgan","2 nafar","Jizzax viloyati","zarur emas","Umuman foydalanmayman va qiziqmayman","1","Statistika va tahliliy ma’lumotlar olish","Shifokorlar bilan onlayn konsultatsiya","1","SMS","Ishlatmas edim","Umuman foydalanmasdim","Hech qanday foydasi yo‘q",""
"2025/03/15 11:13:22 AM GMT+5","25-34","Ayol","Turmush qurgan","3 va undan ko‘p","Jizzax viloyati","Bolaning qorni dam boʻlish sabablarini boshida uncha tushunmaganman","Ha, muntazam foydalanaman","5","Barchasi muhim deb oʻylayman","Shifokorlar bilan onlayn konsultatsiya","5","Telegram/Boshqa messenjer orqali xabar","Har kuni","Faqat bepul funksiyalarni ishlatgan bo‘lardim","Juda foydali","Menga hammasi maʼqul "
"2025/03/15 11:15:54 AM GMT+5","25-34","Ayol","Turmush qurgan","3 va undan ko‘p","Jizzax viloyati","Qorni dam boʻlganini boshida uncha tushunmaganman","Ha, muntazam foydalanaman","5","Barchasi maqul","Shifokorlar bilan onlayn konsultatsiya","5","Telegram/Boshqa messenjer orqali xabar","Har kuni","Faqat bepul funksiyalarni ishlatgan bo‘lardim","Juda foydali","Menga hammasi maqul"
"2025/03/15 11:24:37 AM GMT+5","25-34","Ayol","Turmush qurgan","3 va undan ko‘p","Jizzax viloyati","Kechasi bn yigʻlab chiqardi sababini bilmaganman","Ha, muntazam foydalanaman","5","Barcha fikrlar maqul menga","Shifokorlar bilan onlayn konsultatsiya","5","Telegram/Boshqa messenjer orqali xabar","Har kuni","Ha, to‘lashga tayyorman","Juda foydali","Barchasi maqul"
"2025/03/15 12:07:50 PM GMT+5","25-34","Ayol","Turmush qurgan","3 va undan ko‘p","Jizzax viloyati","Bolani ovqatlantirish ","Foydalanmayman, lekin qiziqishim bor","5","Farzand rivojlanishini izchil kuzatish;Emlash sanalarini o‘z vaqtida eslab turish;Shifokor bilan masofadan turib bog‘lanish (chatbot yoki qo‘ng‘iroq orqali)","Onlayn maqolalar va blog postlar;Video darslar va ta’lim videolari;Shifokorlar bilan onlayn konsultatsiya","2","Telegram/Boshqa messenjer orqali xabar","Har kuni","Ha, to‘lashga tayyorman","Juda foydali",""
"2025/03/15 1:48:10 PM GMT+5","25-34","Ayol","Turmush qurgan","3 va undan ko‘p","Jizzax viloyati","Birinchi va ikkinchi farzandimni orasi bir yoshga farq qilganligi uchun qiynalganman.","Ba’zida foydalanaman","5","Farzand rivojlanishini izchil kuzatish;Dori, vitamin yoki qo‘shimcha preparatlar bo‘yicha eslatma olish;Emlash sanalarini o‘z vaqtida eslab turish;Shifokor bilan masofadan turib bog‘lanish (chatbot yoki qo‘ng‘iroq orqali)","Shifokorlar bilan onlayn konsultatsiya","4","SMS","Faqat zarurat bo‘lganda","Faqat bepul funksiyalarni ishlatgan bo‘lardim","Juda foydali",""
"2025/03/15 2:02:05 PM GMT+5","25-34","Ayol","Turmush qurgan","2 nafar","Jizzax viloyati","Bolacham kup kasal bulib qolyabdi ","Ba’zida foydalanaman","5","Farzand rivojlanishini izchil kuzatish;Ona sog‘lig‘ini tiklash va nazorat qilish;Dori, vitamin yoki qo‘shimcha preparatlar bo‘yicha eslatma olish;Emlash sanalarini o‘z vaqtida eslab turish;Shifokor bilan masofadan turib bog‘lanish (chatbot yoki qo‘ng‘iroq orqali)","Shifokorlar bilan onlayn konsultatsiya","1","SMS","Haftada bir necha marta","Faqat bepul funksiyalarni ishlatgan bo‘lardim","Juda foydali",""
"2025/03/15 10:22:02 PM GMT+5","25-34","Ayol","Turmush qurgan","2 nafar","Jizzax viloyati","Asosan qorni dam boʻlishidan ...","Ba’zida foydalanaman","5","Emlash sanalarini o‘z vaqtida eslab turish","Shifokorlar bilan onlayn konsultatsiya;","5","SMS","Oyda bir necha marta","Ha, to‘lashga tayyorman","Juda foydali",""
"2025/03/15 10:26:03 PM GMT+5","25-34","Ayol","Turmush qurgan","2 nafar","Jizzax viloyati","Asosan qorni dam boʻlishidan ...","Ba’zida foydalanaman","5","Farzand rivojlanishini izchil kuzatish;Ona sog‘lig‘ini tiklash va nazorat qilish;Emlash sanalarini o‘z vaqtida eslab turish","Shifokorlar bilan onlayn konsultatsiya","5","Push-bildirishnomalar (ilova ichidagi bildirishnomalar)","Haftada bir necha marta","Ha, to‘lashga tayyorman","Juda foydali",""
"2025/03/16 8:19:01 PM GMT+5","35-44","Ayol","Turmush qurgan","3 va undan ko‘p","Jizzax viloyati","Hech qanday","Ha, muntazam foydalanaman","5","Ona sog‘lig‘ini tiklash va nazorat qilish","Shifokorlar bilan onlayn konsultatsiya","5","Telegram/Boshqa messenjer orqali xabar","Har kuni","Faqat bepul funksiyalarni ishlatgan bo‘lardim","Juda foydali",""
"2025/03/16 8:23:29 PM GMT+5","35-44","Ayol","Turmush qurgan","3 va undan ko‘p","Jizzax viloyati","Hech qanday","Ha, muntazam foydalanaman","2","Farzand rivojlanishini izchil kuzatish","Video darslar va ta’lim videolari","5","Telegram/Boshqa messenjer orqali xabar","Har kuni","Faqat bepul funksiyalarni ishlatgan bo‘lardim","Juda foydali","Juda yahshi savollar"
"2025/03/17 10:03:08 AM GMT+5","25-34","Ayol","Turmush qurgan","3 va undan ko‘p","Jizzax viloyati","Hech qanday","Ba’zida foydalanaman","3","Farzand rivojlanishini izchil kuzatish;Ona sog‘lig‘ini tiklash va nazorat qilish;Dori, vitamin yoki qo‘shimcha preparatlar bo‘yicha eslatma olish;Emlash sanalarini o‘z vaqtida eslab turish;Shifokor bilan masofadan turib bog‘lanish (chatbot yoki qo‘ng‘iroq orqali);Statistika va tahliliy ma’lumotlar olish","Onlayn maqolalar va blog postlar;Video darslar va ta’lim videolari;Elektron kitoblar va PDF qo‘llanmalar;Vebinarlar va seminarlar;Shifokorlar bilan onlayn konsultatsiya","3","SMS","Faqat zarurat bo‘lganda","Faqat bepul funksiyalarni ishlatgan bo‘lardim","O‘rtacha foydali",""
"2025/03/17 4:10:49 PM GMT+5","35-44","Ayol","Turmush qurgan","3 va undan ko‘p","Jizzax viloyati","Эрим тушунмаслиги","Ha, muntazam foydalanaman","5","Emlash sanalarini o‘z vaqtida eslab turish","Shifokorlar bilan onlayn konsultatsiya","5","SMS","Har kuni","Faqat bepul funksiyalarni ishlatgan bo‘lardim","O‘rtacha foydali",""